{
  "step": [
    0,
    100,
    200,
    300,
    400,
    500,
    600,
    700,
    800,
    900,
    999
  ],
  "train_loss": [
    6.249528884887695,
    5.107651710510254,
    4.019227504730225,
    3.289146900177002,
    2.9913277626037598,
    2.7704524993896484,
    2.707698106765747,
    2.627507448196411,
    2.6048946380615234,
    2.5475645065307617,
    2.586082935333252
  ],
  "val_loss": [
    6.249700593447051,
    5.086050720368187,
    3.963993676886856,
    3.2555569630754384,
    2.9101711552159317,
    2.7337061056916774,
    2.6254632994947276,
    2.5571481375024874,
    2.5138215971494353,
    2.4942629029150725,
    2.489253587758165
  ],
  "lr": [
    0.0,
    0.0005,
    0.001,
    0.000962320368593087,
    0.000855017856687341,
    0.0006944282990207195,
    0.000505,
    0.0003155717009792806,
    0.000154982143312659,
    4.7679631406913064e-05,
    1.0003816756172075e-05
  ],
  "time": [
    25.863274812698364,
    81.28204345703125,
    139.5321216583252,
    196.67708587646484,
    256.4534811973572,
    314.7162969112396,
    371.3575780391693,
    427.644305229187,
    483.69985795021057,
    541.4826323986053,
    599.4835269451141
  ],
  "best_val_loss": 2.489253587758165,
  "config": {
    "vocab_size": 512,
    "context_length": 256,
    "d_model": 64,
    "n_layers": 5,
    "n_heads": 4,
    "d_ff": 256,
    "batch_size": 32,
    "max_steps": 1000,
    "learning_rate": 0.001,
    "min_lr": 1e-05,
    "warmup_steps": 200,
    "weight_decay": 0.1,
    "gradient_clipping": true,
    "gradient_clip_norm": 1.0,
    "beta1": 0.9,
    "beta2": 0.95,
    "dropout": 0.1,
    "eval_interval": 100,
    "data_dir": "data",
    "out_dir": "checkpoints",
    "device": "cpu",
    "seed": 42,
    "resume": false
  }
}